{"text": " My thought, I have nobody by a beauty and will as you poured. Mr. Rochester is sir, and that so don't find simpus, and devoted aboud, to at might in a r\u2014", "segments": [{"id": 0, "seek": 0, "start": 0.0, "end": 3.6, "text": " My thought, I have nobody by a beauty and will as you poured.", "tokens": [50364, 1222, 1194, 11, 286, 362, 5079, 538, 257, 6643, 293, 486, 382, 291, 23270, 13, 50544], "temperature": 0.0, "avg_logprob": -0.5771543930987922, "compression_ratio": 1.1923076923076923, "no_speech_prob": 0.16910472512245178}, {"id": 1, "seek": 0, "start": 3.6, "end": 10.040000000000001, "text": " Mr. Rochester is sir, and that so don't find simpus, and devoted aboud, to at might in a", "tokens": [50544, 2221, 13, 39895, 307, 4735, 11, 293, 300, 370, 500, 380, 915, 1034, 31624, 11, 293, 21815, 410, 1861, 11, 281, 412, 1062, 294, 257, 50866], "temperature": 0.0, "avg_logprob": -0.5771543930987922, "compression_ratio": 1.1923076923076923, "no_speech_prob": 0.16910472512245178}, {"id": 2, "seek": 0, "start": 10.040000000000001, "end": 11.040000000000001, "text": " r\u2014", "tokens": [50866, 367, 2958, 50916], "temperature": 0.0, "avg_logprob": -0.5771543930987922, "compression_ratio": 1.1923076923076923, "no_speech_prob": 0.16910472512245178}], "language": "French"}